2198;
44;
1130;
2297;
198;
631;
7607;
692;
5205;
347;
937;
2281;
1983;
7657;
5972;
1872;
5004;
198;
893;
692;
3218;
2516;
7312;
1696;
551;
309;
4524;
47;
494;
38;
5154;
4681;
751;
4134;
7380;
2112;
36;
2834;
4478;
5616;
29;
3959;
156;
2815;
673;
2895;
2106;
200;
305;
112;
1960;
1080;
671;
1157;
70;
124;
227;
2817;
179;
1470;
79;
2314;
11;
2910;
375;
680;
6432;
1681;
3562;
2617;
4573;
3528;
2023;
2435;
31;
4321;
943;
954;
1150;
1503;
538;
3;
6954;
245;
134;
238;
1244;
374;
52;
746;
4760;
2457;
1185;
4099;
5280;
2013;
3105;
5430;
2132;
156;
1013;
1573;
2138;
1213;
4336;
659;
274;
3106;
3317;
906;
140;
1219;
368;
3944;
2590;
1029;
3527;
549;
4335;
1641;
1628;
3077;
1311;
2130;
1993;
1607;
3571;
642;
2356;
2246;
2494;
2458;
5560;
6260;
3470;
356;
3585;
3309;
7014;
5117;
7925;
40;
192;
5505;
374;
895;
3306;
2689;
1520;
24;
5446;
2439;
8135;
1491;
4459;
500;
1045;
304;
2813;
597;
7220;
3028;
296;
1239;
63;
301;
4053;
1102;
304;
6726;
5186;
465;
865;
3860;
4340;
794;
1963;
776;
248;
212;
2126;
3303;
3204;
1536;
1446;
6429;
89;
375;
5647;
8477;
1173;
4661;
354;
2516;
1764;
2958;
2145;
3096;
961;
3246;
969;
943;
221;
3717;
845;
774;
896;
803;
4557;
1405;
603;
306;
2163;
2133;
3172;
2146;
1264;
6432;
940;
47;
3837;
3527;
2200;
512;
4686;
7219;
2457;
341;
4317;
3197;
3767;
96;
1395;
516;
2431;
164;
2164;
1440;
9243;
479;
3896;
995;
1216;
3992;
3392;
207;
530;
1642;
8610;
8806;
133;
1411;
1161;
2802;
640;
100;
876;
1700;
2917;
2300;
3513;
1422;
485;
1281;
6368;
8209;
8458;
2619;
3607;
55;
692;
524;
4524;
438;
78;
2073;
1768;
3629;
1735;
1995;
282;
3263;
138;
5982;
5647;
6148;
325;
4197;
1054;
663;
7038;
1102;
1004;
1833;
7542;
418;
4233;
1331;
3599;
3608;
7754;
998;
3299;
1583;
16;
700;
6065;
4634;
3957;
1999;
1499;
127;
477;
893;
2514;
1117;
2427;
1964;
75;
883;
181;
5621;
403;
5111;
3359;
858;
742;
6591;
1027;
2367;
1486;
585;
2296;
1499;
3403;
1981;
5647;
7927;
3350;
9597;
5308;
2987;
2061;
962;
3725;
4336;
6835;
225;
118;
3891;
2169;
2246;
2976;
4833;
2665;
3280;
211;
685;
6196;
1164;
817;
2613;
2235;
799;
683;
776;
9170;
63;
1966;
351;
1417;
935;
3288;
2711;
2412;
3311;
4098;
3041;
444;
345;
1898;
706;
4880;
2492;
117;
3873;
51;
1311;
4665;
941;
5343;
157;
2529;
4075;
754;
65;
4301;
5442;
529;
1989;
3533;
4401;
3886;
2988;
1365;
452;
3463;
1130;
3028;
478;
1282;
3451;
2837;
940;
5451;
4780;
3541;
7700;
6848;
2398;
1934;
5305;
2998;
355;
7261;
1711;
4646;
2501;
567;
6725;
10;
4628;
6650;
1582;
1341;
459;
2039;
364;
4605;
2749;
75;
4332;
7119;
2517;
694;
4304;
2701;
4322;
3325;
4605;
6349;
3354;
2417;
131;
1565;
39;
1325;
321;
3611;
1466;
698;
6995;
3294;
2688;
299;
1932;
2794;
1343;
207;
1021;
2542;
294;
2062;
542;
3309;
752;
16;
2685;
902;
5249;
1331;
120;
1350;
1919;
87;
1168;
2494;
494;
6762;
1953;
1168;
279;
526;
1442;
2811;
4310;
256;
2154;
2992;
5598;
74;
3701;
1313;
5533;
149;
626;
3198;
5101;
2320;
961;
720;
4212;
1706;
547;
782;
326;
2328;
3281;
4551;
1037;
3355;
2895;
6261;
524;
6182;
280;
6349;
1958;
2629;
3412;
309;
1408;
600;
780;
919;
3342;
645;
7072;
8498;
968;
3047;
2517;
7657;
2698;
4443;
5272;
942;
2790;
3516;
954;
850;
3287;
102;
6767;
8433;
1006;
514;
1643;
3303;
3300;
7557;
1116;
3802;
2408;
3935;
5021;
144;
1375;
1369;
5197;
2336;
3582;
711;
5827;
293;
3759;
326;
6565;
1375;
5030;
413;
2054;
1226;
2860;
3536;
86;
3339;
2347;
7384;
4646;
768;
1858;
2347;
6312;
241;
333;
6275;
8279;
276;
5733;
3284;
3173;
777;
1418;
3139;
4176;
7433;
776;
977;
462;
173;
2363;
2680;
249;
6941;
1931;
563;
2421;
131;
55;
1204;
3603;
171;
5942;
4572;
333;
3946;
392;
4760;
5997;
360;
283;
392;
2256;
864;
3179;
204;
5443;
627;
1175;
4081;
4265;
8100;
728;
39;
3717;
476;
529;
3816;
729;
222;
2516;
5277;
3854;
1310;
231;
2104;
304;
1349;
5129;
1286;
6606;
772;
2288;
702;
1396;
4344;
8238;
6572;
810;
1718;
4605;
2422;
803;
523;
3200;
4204;
2525;
3935;
1735;
2334;
1084;
149;
9026;
4126;
7965;
3015;
2182;
4306;
161;
3021;
6648;
5015;
115;
2123;
1338;
3447;
458;
1648;
1882;
3827;
2417;
960;
3558;
1786;
5211;
7613;
370;
8008;
6627;
2135;
4029;
7464;
6916;
22;
5131;
6472;
1659;
85;
1340;
696;
1556;
4237;
357;
6368;
308;
8432;
101;
2079;
3425;
1513;
2474;
223;
6274;
3598;
163;
3991;
124;
776;
5123;
1208;
1737;
5241;
5730;
1592;
7604;
2938;
5997;
4446;
385;
1975;
2584;
2673;
4055;
1441;
4986;
3836;
6059;
1395;
30;
1097;
7730;
1975;
768;
3196;
2564;
74;
3365;
6333;
4043;
7426;
5738;
4504;
3036;
7743;
1260;
571;
477;
2453;
713;
293;
1449;
2220;
6231;
3951;
2596;
103;
5123;
2178;
2528;
2102;
3375;
4690;
4432;
8026;
1161;
5334;
2200;
673;
2435;
4924;
714;
4921;
944;
917;
657;
3717;
2340;
4471;
6481;
1474;
7173;
68;
1732;
5531;
2263;
279;
243;
138;
1469;
1034;
1058;
7858;
746;
666;
35;
8752;
2005;
6839;
3303;
7719;
3803;
4095;
6241;
38;
8;
200;
239;
339;
5754;
3297;
1967;
1245;
1770;
296;
1762;
387;
1720;
950;
6793;
1643;
7283;
2367;
906;
3944;
2356;
3997;
2235;
7504;
4350;
3286;
6936;
1631;
1312;
654;
5400;
7011;
3146;
2535;
4175;
841;
2132;
736;
987;
332;
0;
1695;
6646;
3941;
1061;
1187;
3528;
83;
274;
2017;
8115;
1478;
617;
752;
1136;
5434;
323;
4460;
30;
6042;
538;
1300;
5277;
753;
972;
2318;
115;
2039;
3837;
129;
697;
1194;
1662;
1536;
1594;
1786;
1336;
7418;
82;
3990;
5802;
4817;
8810;
96;
1226;
815;
50;
1983;
2399;
3961;
526;
5401;
52;
6148;
2160;
235;
6096;
182;
241;
146;
1619;
7798;
407;
4628;
4379;
2596;
2006;
3353;
254;
204;
1100;
0;
8209;
2162;
7356;
1130;
103;
5292;
2352;
4790;
347;
639;
3853;
4511;
1286;
3107;
5799;
209;
2092;
3391;
471;
5786;
2256;
4148;
2813;
4059;
6813;
4526;
1915;
400;
3270;
2053;
1381;
910;
1510;
1076;
4989;
451;
96;
321;
5422;
1321;
1900;
3391;
1276;
1015;
1732;
850;
1635;
1454;
2051;
3477;
1852;
182;
330;
6606;
2849;
3636;
3355;
326;
354;
993;
99;
1363;
200;
577;
125;
6904;
2503;
2787;
1208;
4226;
1432;
5616;
1408;
247;
2322;
5486;
154;
2663;
1767;
404;
360;
171;
4321;
340;
33;
2761;
5010;
7787;
3008;
863;
7713;
2723;
3507;
761;
505;
1172;
3320;
593;
3106;
4760;
935;
973;
3152;
3288;
78;
3293;
2275;
2887;
6217;
808;
7170;
2038;
4087;
6029;
4264;
1794;
482;
3350;
5784;
212;
129;
1169;
2743;
811;
1114;
122;
2527;
2227;
2024;
7542;
425;
536;
491;
1116;
3034;
140;
376;
678;
2305;
5059;
233;
4221;
1054;
2624;
108;
1771;
4497;
2331;
1249;
36;
4317;
503;
449;
3469;
2788;
2590;
1789;
345;
1607;
1446;
1182;
4539;
257;
5244;
968;
17;
3838;
1014;
464;
1800;
4829;
621;
2191;
219;
2026;
1718;
144;
4605;
7612;
292;
4239;
637;
1350;
354;
218;
322;
3270;
1161;
4386;
1030;
2596;
766;
594;
3595;
600;
515;
589;
1963;
814;
4226;
1057;
3017;
639;
3111;
54;
2612;
1533;
6857;
1287;
375;
936;
2401;
3493;
504;
6626;
2651;
2688;
3004;
304;
130;
134;
3662;
6035;
3977;
5911;
5613;
1998;
654;
2204;
772;
6458;
916;
1826;
202;
1770;
1311;
5452;
334;
4404;
2948;
2595;
216;
4115;
122;
386;
4443;
3699;
3578;
2048;
323;
2853;
499;
1727;
1665;
1417;
3158;
1301;
750;
2943;
4471;
4004;
6240;
8374;
7014;
3477;
2860;
2069;
235;
207;
741;
7568;
69;
2136;
5845;
1296;
4027;
8116;
2653;
489;
2852;
974;
1787;
332;
47;
296;
2531;
1910;
1395;
1034;
443;
6389;
759;
48;
4897;
420;
585;
3925;
3926;
3272;
2613;
703;
79;
1237;
7454;
1789;
2032;
2016;
1011;
5126;
3924;
600;
436;
648;
3516;
1233;
1180;
1237;
1471;
2491;
442;
4264;
2038;
3281;
4573;
1318;
1811;
3940;
780;
2039;
247;
1386;
2942;
2268;
2008;
126;
95;
4618;
1888;
307;
603;
1644;
1524;
699;
880;
2061;
1325;
2092;
485;
2422;
4095;
157;
166;
7151;
46;
2440;
1000;
4301;
5673;
4976;
502;
2688;
1749;
4370;
4691;
4227;
0;
2323;
1632;
416;
2720;
710;
7617;
4392;
4301;
1321;
4221;
66;
960;
1073;
2976;
2629;
1690;
140;
7751;
2909;
5010;
2536;
1969;
108;
315;
646;
7354;
1149;
780;
3111;
323;
5126;
2501;
8629;
310;
645;
2327;
1130;
2201;
319;
1960;
9219;
275;
347;
1639;
2882;
392;
2977;
4177;
1887;
735;
1744;
5753;
1185;
2068;
1268;
138;
2231;
340;
7888;
3145;
696;
2807;
4578;
2209;
245;
2256;
6627;
5102;
6342;
1667;
7700;
177;
1765;
2788;
4576;
1435;
4670;
429;
2079;
1165;
205;
124;
431;
3799;
680;
2113;
36;
736;
818;
3871;
1966;
6702;
674;
4637;
5191;
1230;
5916;
12;
2680;
7501;
6530;
2769;
3418;
782;
4087;
113;
1;
287;
5147;
1287;
4214;
6949;
724;
2872;
491;
5936;
6980;
1513;
3;
836;
1281;
1589;
1597;
4170;
4177;
416;
625;
2948;
1314;
1898;
12;
2567;
1189;
2400;
61;
188;
1295;
817;
2224;
1226;
2427;
2080;
2200;
929;
2834;
122;
2992;
698;
2895;
4100;
2212;
2770;
1953;
8754;
4083;
2279;
559;
42;
1948;
1122;
2781;
2507;
130;
935;
1248;
819;
1915;
1839;
5189;
6910;
124;
4470;
6517;
2184;
4359;
1651;
1706;
4584;
3898;
671;
1714;
4308;
3122;
3859;
2514;
2588;
5694;
8698;
3413;
3926;
3472;
7943;
611;
8552;
5555;
4229;
310;
7361;
3469;
3089;
209;
115;
414;
3948;
556;
724;
1401;
3734;
4285;
2938;
30;
751;
3488;
675;
5127;
4859;
6327;
2487;
60;
7798;
419;
3683;
4868;
4584;
1036;
2235;
1632;
979;
262;
363;
1762;
1331;
6655;
2612;
3544;
4367;
520;
911;
6041;
532;
122;
3683;
52;
470;
251;
419;
1273;
3962;
1024;
1208;
4644;
337;
714;
3463;
2105;
3995;
766;
3761;
3286;
392;
2929;
5845;
2813;
3149;
29;
87;
375;
1050;
1561;
3926;
3558;
4091;
4768;
3153;
8106;
1641;
15;
1189;
2589;
2735;
5451;
993;
883;
2801;
6573;
1049;
180;
4454;
485;
1444;
103;
20;
3914;
4033;
4995;
609;
3049;
94;
105;
6090;
2748;
374;
1958;
1582;
4172;
77;
807;
416;
8698;
2261;
297;
1503;
2961;
120;
436;
2453;
1315;
806;
7360;
840;
3808;
1350;
3827;
5885;
769;
1960;
248;
9;
5108;
4222;
2216;
3670;
809;
3781;
1522;
0;
144;
223;
2425;
5143;
270;
1065;
1213;
42;
1690;
516;
5968;
4399;
17;
2701;
4690;
3699;
622;
281;
4376;
910;
908;
5617;
189;
5328;
3636;
688;
3101;
23;
2410;
3214;
1493;
222;
167;
1552;
2399;
369;
304;
3430;
6472;
6327;
754;
271;
4565;
3371;
39;
1047;
818;
7251;
3237;
38;
535;
3019;
112;
1681;
6;
4833;
357;
1321;
8019;
1149;
567;
681;
1500;
859;
1966;
2994;
4527;
6870;
449;
6260;
340;
6;
2749;
171;
1260;
183;
2410;
317;
5216;
1052;
1429;
1271;
817;
158;
2264;
682;
3343;
831;
2060;
3753;
274;
1335;
812;
3310;
1050;
144;
9597;
8698;
5714;
1842;
63;
5693;
3731;
5549;
2862;
1286;
3827;
15;
3114;
3414;
247;
3098;
116;
3010;
4833;
2368;
415;
2998;
4467;
4160;
1560;
4685;
617;
53;
4693;
1061;
6648;
1317;
3647;
8941;
2804;
910;
286;
125;
1474;
4367;
2168;
1575;
2079;
238;
4727;
2363;
5302;
5887;
1195;
4659;
1361;
230;
1189;
63;
138;
1420;
185;
4470;
3306;
556;
1764;
700;
223;
318;
659;
4863;
6382;
7644;
3128;
6932;
1759;
2937;
44;
54;
250;
1882;
589;
3228;
968;
516;
1801;
290;
2027;
5730;
6071;
819;
5197;
696;
4345;
439;
7130;
626;
2401;
3741;
1157;
4247;
1870;
4552;
149;
1019;
5801;
2349;
683;
1961;
4938;
3406;
3560;
642;
1597;
684;
4567;
286;
1052;
1636;
1043;
75;
882;
245;
4453;
1549;
642;
2614;
2148;
2010;
748;
464;
273;
3088;
351;
1132;
5618;
475;
1650;
2314;
5706;
6574;
5763;
459;
439;
550;
711;
2564;
2932;
1212;
484;
5684;
7327;
7342;
1988;
1783;
1870;
579;
3926;
1664;
4965;
798;
1226;
1953;
3743;
944;
3534;
349;
834;
929;
3522;
1888;
4902;
1168;
46;
5742;
6816;
619;
5739;
7165;
4628;
2995;
2827;
120;
6233;
3962;
1363;
1624;
618;
3414;
5014;
3110;
4833;
6855;
2266;
130;
347;
2070;
3337;
31;
6489;
2360;
29;
4952;
1630;
6261;
4379;
45;
5411;
4931;
2801;
984;
2974;
5979;
3364;
1792;
182;
177;
60;
5821;
376;
1105;
1076;
2190;
3653;
2706;
47;
2544;
387;
8855;
882;
1168;
5670;
171;
418;
613;
6939;
808;
100;
8576;
1736;
4662;
148;
3810;
1464;
5436;
1792;
4528;
2097;
777;
505;
3186;
2224;
309;
242;
2440;
939;
663;
6253;
113;
4657;
944;
2127;
131;
1320;
1552;
3261;
4619;
245;
1131;
3877;
6806;
947;
7122;
2202;
2367;
1282;
1093;
3315;
155;
4100;
307;
4504;
257;
4348;
7422;
4896;
6126;
2517;
329;
2877;
2849;
50;
1386;
1568;
333;
74;
626;
5821;
2908;
1307;
2860;
1898;
6147;
1792;
646;
7546;
3973;
7544;
78;
1540;
723;
2263;
1316;
1361;
7657;
679;
7522;
2416;
376;
979;
5261;
3335;
2430;
2211;
4093;
19;
1717;
4644;
1155;
1223;
5801;
7242;
3015;
3945;
760;
1822;
1307;
6127;
4501;
3469;
952;
93;
325;
5428;
2783;
4581;
3768;
776;
201;
5898;
26;
5596;
917;
3815;
2630;
1706;
2093;
3231;
4360;
1935;
4119;
3077;
982;
1483;
399;
2843;
1405;
4809;
932;
35;
444;
5;
958;
4478;
671;
1563;
3476;
78;
1538;
114;
2287;
8832;
2749;
8241;
532;
16;
2431;
3883;
1089;
1350;
5377;
3544;
4331;
407;
8941;
182;
2443;
4018;
5470;
1093;
1318;
45;
1597;
1763;
8238;
936;
56;
57;
1717;
7291;
554;
6378;
1356;
743;
469;
2590;
908;
3411;
3703;
3662;
2164;
2651;
274;
3567;
414;
112;
687;
3767;
1180;
188;
1523;
4634;
6995;
2945;
1742;
165;
399;
1287;
250;
1;
8040;
366;
19;
7422;
534;
940;
2438;
7572;
1953;
1526;
164;
8806;
1308;
7144;
110;
5660;
4192;
1356;
2457;
8279;
835;
6327;
4177;
804;
189;
229;
3189;
7399;
69;
1126;
2016;
279;
1253;
5463;
1281;
1779;
675;
3567;
153;
1813;
6825;
1047;
5754;
175;
3595;
8106;
2420;
1899;
1607;
4166;
3112;
3525;
4690;
1718;
3469;
2666;
49;
488;
6348;
6099;
848;
3197;
1046;
20;
2955;
3068;
807;
2235;
1717;
2477;
7572;
220;
1112;
23;
2410;
30;
3837;
1039;
149;
201;
3006;
1973;
750;
1714;
6233;
296;
1319;
126;
1002;
4364;
2220;
1978;
710;
112;
477;
115;
3476;
173;
96;
1590;
78;
305;
5565;
3925;
987;
670;
6989;
1052;
2916;
533;
3413;
61;
808;
1045;
6570;
5040;
817;
6;
59;
1568;
1220;
120;
929;
2870;
4671;
993;
1084;
3543;
2;
626;
859;
1647;
640;
136;
844;
480;
231;
1547;
2825;
1177;
187;
154;
2;
2169;
2748;
355;
54;
865;
452;
3827;
3210;
2;
2055;
266;
72;
1593;
5862;
2433;
3598;
4567;
1315;
120;
4548;
182;
1235;
7404;
887;
2892;
7781;
1536;
1865;
3055;
5793;
1372;
4837;
3920;
1051;
1848;
1169;
5373;
4851;
2198;
806;
835;
7337;
346;
5330;
1621;
798;
2255;
4516;
5862;
818;
1182;
310;
1027;
1233;
629;
2988;
175;
2578;
444;
3306;
314;
125;
1435;
310;
5853;
157;
4162;
1295;
471;
6374;
4328;
973;
1154;
593;
603;
1987;
648;
4015;
623;
1782;
2871;
989;
8255;
454;
2129;
1623;
1401;
131;
70;
180;
6126;
1231;
3299;
1879;
7631;
766;
2632;
926;
5825;
1477;
1073;
631;
2118;
5845;
1537;
5429;
2059;
2498;
5839;
349;
2982;
6449;
7833;
16;
6147;
2394;
366;
1009;
628;
3137;
276;
120;
1408;
1215;
1178;
2399;
1142;
870;
207;
2491;
193;
4833;
441;
921;
532;
2249;
3699;
6029;
1226;
700;
4370;
1706;
1736;
525;
152;
827;
4226;
3668;
6048;
6340;
335;
684;
4637;
2323;
645;
4423;
282;
1058;
2394;
2575;
6027;
114;
340;
812;
758;
555;
7354;
61;
1246;
1472;
993;
5740;
1748;
4036;
442;
5285;
7356;
370;
2902;
1291;
1241;
4299;
186;
1283;
5006;
754;
1215;
6437;
488;
4222;
984;
5486;
97;
6952;
195;
1501;
958;
4596;
309;
3306;
2876;
95;
2243;
2367;
3088;
138;
2340;
774;
809;
129;
1855;
2593;
6201;
760;
4851;
256;
1128;
5997;
1447;
2409;
30;
858;
7700;
8360;
1018;
1422;
830;
4285;
1163;
786;
4277;
6256;
751;
8268;
1130;
573;
2861;
2812;
265;
7635;
571;
364;
584;
3293;
6442;
349;
6022;
2438;
559;
9474;
2535;
707;
3728;
273;
41;
8766;
503;
1049;
1075;
2219;
768;
2716;
2073;
784;
300;
3653;
3227;
2522;
3599;
981;
614;
1378;
3754;
891;
4977;
2507;
1180;
4567;
799;
3650;
3543;
1408;
884;
1029;
338;
8557;
1356;
5085;
4873;
908;
686;
115;
1427;
1889;
1334;
2360;
592;
2509;
1497;
3718;
1315;
688;
153;
326;
8110;
908;
5763;
3868;
2086;
3121;
9116;
5585;
2212;
1265;
978;
1017;
3438;
766;
154;
5799;
3053;
648;
1937;
3892;
3765;
3569;
222;
3629;
117;
293;
811;
2909;
746;
5647;
285;
3921;
6429;
473;
4986;
2403;
1161;
693;
1699;
3776;
5694;
685;
787;
297;
1281;
6482;
620;
3671;
5579;
43;
2356;
30;
1163;
1158;
312;
3918;
2594;
111;
1338;
5701;
1093;
1901;
1030;
4918;
549;
3827;
1351;
1001;
4197;
226;
2166;
928;
3848;
4090;
688;
3516;
178;
4372;
1374;
1802;
5134;
1769;
149;
625;
4440;
2013;
375;
2537;
3522;
1671;
5241;
491;
173;
2078;
2537;
4797;
6967;
1619;
1999;
795;
128;
2133;
9459;
549;
1998;
5154;
2228;
3560;
1452;
3413;
3066;
4301;
3732;
2637;
1034;
7906;
4312;
3770;
773;
791;
2630;
1182;
6312;
1681;
4965;
124;
331;
1885;
3300;
5903;
208;
265;
448;
523;
375;
1361;
5044;
4128;
7579;
2673;
2614;
3364;
1247;
6848;
285;
693;
2443;
2505;
4633;
1477;
1677;
2870;
3236;
5883;
1320;
683;
2685;
837;
456;
5367;
1604;
5707;
111;
2599;
168;
5614;
4224;
1899;
18;
198;
27;
3524;
7370;
3959;
1874;
307;
277;
573;
4863;
6164;
1961;
601;
4401;
2060;
858;
2701;
809;
1174;
52;
1744;
440;
2266;
180;
1401;
3065;
1123;
1283;
4090;
1729;
3653;
2342;
7041;
2169;
1645;
2246;
714;
783;
4605;
133;
2516;
725;
1030;
3580;
5247;
2407;
1736;
379;
1881;
8516;
280;
5222;
566;
311;
3004;
640;
3053;
11;
5799;
230;
905;
189;
82;
410;
55;
285;
928;
77;
185;
4317;
720;
901;
4061;
4272;
2234;
372;
9474;
431;
2753;
38;
2909;
257;
2670;
321;
1681;
409;
691;
1637;
4043;
2483;
2650;
3082;
392;
2654;
4473;
555;
1677;
3754;
4881;
4890;
1738;
3209;
1313;
6596;
6855;
8803;
749;
103;
1779;
5596;
207;
1084;
2377;
6413;
116;
8360;
3563;
6820;
3890;
7243;
5147;
608;
749;
6916;
6261;
115;
2106;
1755;
2813;
4644;
2263;
355;
8632;
120;
4557;
4145;
3487;
2466;
809;
2613;
333;
205;
273;
7552;
2127;
621;
2272;
1114;
2168;
2995;
2131;
3871;
2743;
1414;
8121;
1523;
3186;
3235;
6903;
207;
1287;
2693;
5451;
766;
527;
5684;
1213;
827;
1619;
6474;
90;
5588;
3279;
979;
2105;
5617;
574;
2133;
6306;
6321;
1325;
8121;
2740;
2638;
6765;
4094;
588;
6739;
3918;
3670;
914;
2140;
2991;
2640;
2825;
3584;
1047;
3053;
736;
2296;
1492;
5459;
1446;
153;
4850;
691;
2273;
894;
3725;
598;
17;
3597;
2406;
2533;
3976;
1009;
4665;
1817;
583;
3507;
5634;
2028;
1396;
1812;
119;
2472;
971;
5647;
301;
8666;
736;
2333;
2450;
90;
6014;
1739;
3262;
1317;
1234;
5300;
2129;
3061;
2323;
626;
2213;
6282;
3629;
694;
758;
3657;
1822;
3791;
270;
5474;
1356;
203;
327;
527;
5213;
340;
2366;
2048;
566;
3357;
250;
464;
1647;
20;
76;
2121;
1233;
4893;
596;
1762;
3168;
1654;
449;
1541;
1720;
551;
145;
2537;
4524;
1542;
509;
8698;
392;
1942;
632;
2290;
1336;
499;
1935;
726;
5977;
216;
334;
3761;
446;
8060;
1145;
1575;
1953;
1590;
4128;
860;
4004;
2165;
2008;
2369;
1590;
2242;
445;
28;
462;
415;
1176;
340;
595;
2492;
2919;
1647;
1554;
957;
911;
9348;
3197;
2625;
3683;
346;
1282;
3207;
4929;
5401;
148;
2336;
2188;
2571;
3286;
2714;
8609;
5376;
1074;
1431;
2242;
2813;
1637;
2805;
1223;
904;
1657;
3670;
959;
2209;
3311;
251;
3217;
2519;
1196;
2166;
361;
425;
3784;
4661;
172;
2820;
56;
2517;
4120;
342;
6355;
6725;
678;
6056;
3549;
4952;
102;
4596;
840;
104;
3982;
1953;
5;
575;
836;
8103;
2672;
1;
86;
474;
2305;
3032;
3065;
570;
512;
2740;
1398;
6466;
10;
479;
1541;
103;
4841;
6202;
5596;
2166;
372;
226;
6817;
2586;
709;
1677;
3163;
3195;
3670;
3156;
41;
6340;
1778;
473;
1185;
998;
611;
5505;
612;
134;
3854;
1215;
115;
862;
31;
125;
2619;
4274;
4996;
3425;
6113;
293;
1030;
2071;
173;
559;
1479;
1838;
1256;
6027;
4751;
68;
1138;
436;
1517;
4577;
277;
6493;
1471;
1409;
4142;
231;
1702;
2098;
6330;
872;
6082;
6407;
5786;
5234;
4866;
289;
2036;
123;
820;
4043;
3121;
5335;
694;
6670;
529;
1637;
666;
154;
418;
8106;
104;
1482;
1207;
5441;
9261;
3032;
4863;
1496;
5316;
5405;
1660;
2819;
5300;
1301;
1855;
5223;
3356;
4562;
8629;
3079;
3155;
2916;
525;
228;
890;
1706;
5845;
151;
2079;
3909;
2006;
35;
3460;
1731;
1759;
3401;
2621;
1315;
3854;
694;
509;
597;
1241;
1461;
535;
437;
4060;
1927;
5367;
3964;
1522;
1496;
347;
2581;
3838;
811;
2929;
698;
1671;
1233;
3192;
129;
8135;
5276;
5030;
6445;
2073;
1782;
5821;
7144;
1287;
4378;
482;
6056;
2169;
351;
296;
647;
5113;
3800;
6826;
92;
16;
4175;
1180;
8;
1379;
837;
783;
3147;
540;
39;
956;
4404;
235;
441;
700;
701;
411;
6148;
1223;
1770;
8438;
3524;
122;
8016;
4443;
612;
46;
76;
5524;
411;
3069;
485;
332;
1795;
76;
7217;
1716;
2723;
1267;
1054;
908;
8998;
104;
1118;
3776;
207;
799;
4696;
92;
6328;
357;
1185;
200;
4812;
2802;
4260;
1252;
527;
2112;
3010;
694;
3616;
4952;
513;
85;
1859;
2887;
907;
408;
60;
2114;
988;
238;
3913;
802;
4643;
1122;
7312;
477;
2057;
1690;
1643;
5922;
4048;
947;
1498;
1039;
4695;
793;
7433;
1535;
1468;
596;
7542;
4175;
1683;
520;
1517;
7;
2342;
1214;
1046;
1137;
90;
6725;
286;
7881;
559;
2643;
554;
1900;
2676;
363;
522;
600;
2827;
2715;
6303;
131;
286;
780;
1630;
400;
5503;
2567;
2053;
1550;
403;
1958;
372;
155;
1230;
1891;
2927;
1611;
724;
1552;
1088;
392;
6140;
754;
693;
1313;
5121;
52;
1335;
5142;
529;
1101;
2483;
3112;
4707;
3303;
2041;
1167;
7131;
1541;
1520;
3300;
977;
127;
287;
3310;
2563;
1318;
419;
1234;
1958;
2571;
1401;
1623;
2183;
5300;
199;
211;
310;
359;
333;
8153;
38;
2420;
840;
549;
125;
2900;
3357;
524;
2494;
3139;
14;
327;
3102;
488;
5972;
245;
1556;
4344;
215;
2266;
418;
982;
2316;
917;
221;
1016;
7464;
3390;
54;
969;
3354;
7358;
3530;
3193;
2068;
6163;
954;
2252;
7356;
1898;
1811;
1960;
250;
3204;
86;
7365;
1945;
3776;
1822;
1748;
1382;
1155;
3229;
104;
4505;
8105;
949;
8547;
3603;
49;
1233;
3603;
6082;
54;
103;
5830;
4423;
273;
4426;
1168;
4348;
1393;
380;
4618;
3235;
3848;
4401;
1168;
3156;
882;
1697;
1968;
3079;
2179;
8100;
4443;
297;
3022;
2352;
2783;
1545;
918;
449;
2596;
6738;
2059;
1004;
5839;
3538;
5085;
60;
683;
3279;
296;
998;
8050;
3533;
4053;
1425;
8424;
1565;
6731;
1265;
2834;
1965;
474;
120;
1477;
1315;
4507;
1226;
1188;
57;
3830;
79;
2104;
2411;
6029;
7159;
5430;
4170;
2693;
323;
2837;
5123;
2674;
1654;
1267;
5592;
2848;
1580;
82;
1185;
1226;
2296;
3013;
50;
2176;
7098;
3198;
6857;
1368;
3959;
3567;
1307;
730;
234;
1692;
5227;
293;
3884;
459;
1478;
5257;
165;
1328;
4588;
7081;
5170;
298;
74;
1191;
2880;
3283;
3740;
3762;
3195;
1521;
3557;
1361;
7612;
260;
1260;
2349;
165;
4074;
999;
2547;
1016;
68;
118;
1240;
188;
5153;
1189;
44;
2388;
3315;
419;
3861;
6003;
8008;
577;
851;
293;
115;
1681;
754;
1787;
5285;
614;
2007;
1468;
169;
3484;
196;
7267;
4415;
4015;
2378;
213;
211;
670;
1085;
2570;
2223;
327;
3109;
3394;
670;
3092;
514;
1295;
3406;
524;
7072;
320;
4470;
24;
31;
1750;
86;
1587;
10;
464;
767;
1984;
3486;
852;
5135;
913;
2853;
5111;
2362;
3467;
6738;
1643;
6880;
2109;
7778;
1287;
1412;
1097;
2679;
646;
2327;
669;
1407;
3723;
730;
2531;
2388;
287;
80;
12;
4788;
4654;
6934;
52;
1859;
4662;
3877;
1602;
97;
2228;
1569;
954;
1829;
7075;
1717;
6082;
2491;
372;
2546;
4572;
4036;
1658;
772;
324;
35;
1742;
2995;
832;
4569;
4890;
1865;
2661;
4470;
519;
7646;
407;
2643;
1055;
936;
1711;
2495;
6229;
2168;
694;
339;
2900;
3467;
542;
2080;
959;
7414;
13;
3573;
2632;
838;
174;
967;
34;
2616;
1228;
36;
6034;
1247;
30;
9578;
12;
2625;
3286;
1817;
297;
5903;
967;
1475;
3771;
6931;
363;
3722;
4863;
175;
8050;
1770;
205;
5503;
1311;
2209;
510;
512;
1004;
4633;
2816;
2471;
113;
2087;
2037;
559;
713;
4597;
4446;
8255;
4317;
276;
3474;
6793;
2174;
3692;
1407;
1430;
723;
1074;
3680;
3434;
4616;
2914;
1953;
1411;
275;
3824;
3105;
6082;
3006;
6648;
2069;
134;
1375;
4459;
208;
457;
3518;
5937;
1848;
7277;
6233;
1590;
18;
7631;
1276;
2234;
6817;
1307;
1368;
640;
2860;
3474;
8;
926;
4643;
8629;
215;
34;
7927;
806;
8735;
952;
1022;
3146;
1004;
8498;
2584;
204;
934;
109;
479;
242;
1498;
5361;
3943;
1965;
1615;
693;
1024;
57;
1092;
97;
2134;
4059;
2555;
4644;
2853;
4270;
1263;
1227;
1185;
2593;
1651;
1157;
4096;
8763;
1452;
4;
3411;
3946;
2982;
387;
97;
6903;
1;
3231;
9063;
409;
4104;
1618;
1488;
115;
200;
1145;
4106;
2032;
2504;
1953;
4952;
658;
978;
1387;
8438;
2399;
6260;
1375;
143;
2569;
2994;
3908;
503;
324;
28;
6378;
7303;
916;
614;
454;
561;
426;
1952;
2114;
6071;
839;
918;
1268;
2820;
458;
1372;
4175;
4611;
5792;
45;
7709;
3557;
23;
3701;
3877;
640;
7644;
1488;
90;
2200;
692;
0;
1549;
5594;
2741;
3110;
3913;
5895;
61;
2584;
1702;
645;
1497;
156;
3722;
41;
2854;
6215;
318;
7251;
5463;
7141;
1590;
1939;
4877;
5595;
292;
545;
1965;
835;
43;
8229;
4281;
5872;
399;
653;
5276;
5154;
357;
4106;
2;
3886;
2333;
2958;
419;
5072;
1104;
2886;
5238;
8116;
1968;
3232;
104;
1176;
3717;
2145;
5430;
1602;
153;
2676;
246;
1582;
1488;
664;
4268;
2314;
136;
2333;
6245;
78;
6869;
874;
908;
1586;
4617;
1738;
2111;
5916;
696;
2035;
8599;
134;
7016;
1736;
155;
575;
766;
3411;
3803;
3799;
2630;
84;
7103;
594;
61;
2884;
1119;
1039;
1052;
3180;
240;
4634;
7464;
1870;
42;
457;
1561;
2406;
203;
5802;
8381;
1456;
167;
794;
1874;
47;
3999;
1687;
6991;
2119;
5586;
3178;
605;
5129;
3827;
77;
4316;
1194;
3394;
2224;
5405;
890;
1681;
3707;
6579;
3924;
6296;
3747;
643;
1398;
1585;
1780;
7324;
1161;
316;
1660;
1701;
1590;
3066;
2027;
2281;
105;
4359;
510;
1239;
984;
8563;
1422;
1946;
3306;
4565;
2126;
1440;
256;
460;
1023;
1052;
1841;
3776;
543;
1985;
3328;
8002;
7989;
4087;
7159;
1849;
2966;
1055;
97;
7546;
7277;
6025;
850;
793;
3178;
1873;
2416;
8268;
2976;
220;
167;
6892;
6174;
941;
124;
31;
882;
1506;
687;
174;
1893;
4497;
179;
643;
1308;
2121;
3608;
3661;
1695;
7191;
8993;
6126;
8135;
1093;
1834;
3286;
1344;
2688;
3627;
233;
2580;
205;
55;
167;
1736;
7131;
7630;
6520;
779;
680;
1165;
239;
8;
6817;
124;
1796;
4877;
65;
235;
5147;
3703;
2670;
4246;
7378;
2410;
1232;
38;
418;
981;
9170;
2525;
1129;
1410;
763;
8259;
5250;
1801;
8063;
7013;
3109;
998;
361;
5040;
988;
494;
5153;
5872;
3728;
2375;
6069;
2030;
4509;
3485;
85;
4060;
3883;
2494;
4517;
5186;
784;
99;
2318;
7489;
601;
687;
1188;
3904;
85;
460;
864;
2976;
1235;
3164;
908;
1174;
714;
4685;
349;
1936;
329;
282;
5733;
2978;
3749;
56;
1350;
4142;
1455;
6762;
273;
675;
5543;
2479;
898;
6803;
3110;
4340;
3974;
918;
629;
6450;
2828;
8629;
1898;
6038;
1348;
1267;
6508;
966;
154;
933;
5631;
6904;
6594;
3851;
78;
2590;
1582;
7399;
5208;
273;
1928;
3323;
7548;
2838;
643;
113;
5209;
4352;
493;
3308;
6507;
1047;
153;
341;
60;
3332;
496;
3827;
6759;
4464;
3699;
1713;
205;
3080;
8325;
1226;
2734;
121;
3400;
6061;
1033;
1191;
609;
296;
2191;
83;
1659;
4085;
2846;
34;
312;
130;
1006;
2467;
2649;
5234;
843;
553;
985;
4999;
7277;
1787;
2504;
711;
134;
103;
1226;
1314;
7123;
1375;
1223;
2349;
1216;
1562;
4567;
574;
3324;
750;
4772;
2999;
1965;
4053;
4472;
1488;
41;
4039;
1084;
123;
6574;
3157;
71;
6382;
6619;
59;
20;
1615;
4764;
5443;
2842;
7823;
1092;
4695;
6;
2804;
1559;
168;
1295;
970;
1179;
326;
1833;
887;
750;
499;
416;
599;
3072;
2331;
3325;
1073;
3596;
109;
1150;
2013;
3927;
596;
1786;
702;
3558;
1049;
3203;
3550;
4928;
4527;
2030;
5920;
939;
2586;
242;
2942;
4821;
418;
972;
1188;
6876;
798;
2394;
128;
8315;
1401;
773;
8757;
317;
3465;
2122;
459;
9578;
5786;
2052;
7568;
2323;
256;
860;
1885;
5738;
6507;
3101;
4644;
2378;
2617;
3320;
3928;
1620;
59;
8383;
402;
1577;
97;
215;
4629;
1422;
3015;
818;
4459;
2689;
956;
4111;
5950;
52;
70;
459;
1910;
1048;
3673;
3723;
3064;
210;
115;
1350;
3824;
4524;
212;
6803;
1714;
310;
2304;
2269;
1113;
1915;
433;
4486;
1593;
1902;
5920;
4470;
621;
3463;
312;
1720;
367;
1565;
1839;
5670;
5638;
707;
2134;
908;
1247;
1616;
213;
7915;
2290;
8875;
7708;
720;
280;
1199;
3999;
326;
3675;
451;
7354;
7860;
6738;
5814;
987;
2435;
5385;
2073;
2328;
1424;
4841;
778;
811;
729;
3596;
282;
23;
1103;
213;
6842;
2701;
2408;
280;
4681;
864;
1090;
6820;
1536;
60;
3118;
96;
3474;
2156;
6140;
164;
65;
1481;
2920;
3232;
387;
1038;
1074;
5072;
1343;
787;
477;
607;
36;
201;
6838;
3469;
1624;
4884;
4087;
207;
36;
387;
616;
1435;
714;
499;
35;
2710;
3668;
2703;
691;
5576;
783;
3955;
117;
2495;
5188;
2916;
3001;
6087;
1452;
3197;
6;
1114;
766;
354;
8511;
446;
278;
903;
2973;
589;
1738;
958;
1329;
85;
191;
965;
664;
2779;
1518;
5763;
42;
4548;
1620;
581;
4070;
42;
7563;
2813;
8632;
1356;
646;
173;
515;
764;
4568;
5762;
4231;
5018;
1902;
1008;
2645;
385;
3800;
3152;
5845;
3270;
299;
368;
2465;
2102;
4471;
794;
376;
5073;
6114;
3831;
4578;
1653;
1684;
1003;
1189;
4587;
1228;
1343;
14;
694;
375;
1227;
2037;
1556;
306;
25;
4634;
6285;
3330;
665;
2104;
827;
2292;
188;
2777;
1495;
295;
3647;
6064;
1704;
351;
230;
5085;
3168;
5404;
1753;
85;
169;
1165;
370;
5678;
4862;
8431;
5208;
35;
5404;
6838;
678;
6880;
8698;
4505;
5614;
2307;
2056;
1030;
5416;
1307;
408;
1248;
240;
1084;
762;
707;
2760;
977;
1057;
31;
1714;
1030;
2035;
175;
3830;
5979;
7781;
2804;
4671;
5876;
501;
2440;
2356;
3701;
211;
604;
2858;
1908;
1073;
1107;
5525;
5354;
635;
3830;
359;
2521;
5862;
1490;
4608;
3770;
1716;
542;
3788;
1865;
7210;
3653;
1096;
512;
726;
1390;
23;
3207;
776;
5330;
2402;
1295;
1317;
6056;
554;
2958;
1470;
3708;
3595;
60;
1168;
67;
2995;
675;
1299;
2995;
915;
864;
470;
26;
6409;
3691;
1707;
3395;
974;
2854;
3670;
96;
46;
3011;
1646;
5411;
6703;
5003;
488;
1554;
1503;
6916;
245;
3516;
6247;
242;
2641;
500;
7787;
3816;
1295;
1695;
2538;
1800;
4834;
5909;
964;
516;
5951;
604;
6627;
4471;
12;
196;
1797;
1552;
1717;
780;
1848;
275;
2802;
1302;
2324;
3105;
1684;
1004;
2015;
625;
5444;
1963;
1048;
1831;
347;
429;
3119;
596;
3038;
4567;
786;
1075;
780;
4336;
811;
5790;
8576;
5391;
2202;
1533;
6328;
418;
3343;
3840;
2608;
459;
8842;
1331;
1039;
2507;
4495;
3168;
4451;
811;
5742;
1167;
1287;
1431;
1770;
2538;
8287;
2125;
247;
3358;
53;
286;
7700;
286;
830;
503;
6868;
2392;
3371;
1565;
5601;
339;
354;
343;
5153;
209;
2593;
700;
5670;
4285;
3877;
1367;
2769;
6731;
4861;
149;
35;
2015;
917;
1331;
6296;
5376;
2091;
5738;
2505;
3860;
4464;
1839;
497;
2733;
41;
259;
1552;
20;
3822;
1970;
243;
1750;
5358;
71;
4639;
4931;
5494;
480;
3717;
2751;
6328;
2656;
6807;
1408;
905;
1945;
3114;
580;
2630;
2129;
1936;
4294;
605;
2406;
683;
4803;
1130;
786;
3816;
764;
1051;
8070;
2568;
1287;
688;
4608;
921;
1129;
9170;
568;
43;
2125;
2615;
6565;
2783;
42;
301;
2158;
1008;
7291;
222;
360;
4783;
1213;
1334;
1098;
1611;
896;
5799;
2485;
33;
1873;
5340;
4301;
298;
8251;
6030;
1330;
915;
54;
1331;
235;
364;
1255;
9444;
6291;
4336;
2456;
7488;
52;
1779;
2017;
2219;
6970;
2286;
2697;
8202;
2684;
2873;
3779;
3283;
642;
162;
4707;
4301;
469;
1900;
188;
3155;
3909;
2124;
679;
5377;
1707;
3476;
108;
4821;
1096;
307;
2281;
4779;
671;
160;
3347;
3904;
1103;
7014;
932;
729;
1802;
762;
103;
1858;
4807;
370;
2228;
523;
819;
1281;
280;
1093;
385;
2564;
164;
2168;
3803;
156;
5417;
2847;
1295;
1745;
3207;
2837;
2904;
3803;
7665;
165;
379;
6468;
600;
4868;
4363;
7497;
3079;
1244;
275;
4177;
1381;
4229;
535;
5429;
499;
7483;
4299;
4079;
329;
2471;
1226;
680;
7421;
2596;
4100;
3401;
2028;
3774;
104;
4873;
523;
1594;
989;
1;
2325;
518;
326;
7798;
3915;
4525;
3296;
2361;
458;
71;
505;
270;
865;
2933;
1080;
774;
4109;
4311;
1318;
304;
1646;
1621;
3;
1899;
1301;
3268;
4780;
5615;
2905;
498;
2239;
2710;
2018;
1998;
1706;
548;
5443;
60;
623;
3181;
60;
5922;
594;
4022;
2694;
212;
589;
2914;
3270;
2554;
3414;
1580;
7464;
6196;
1291;
3283;
4301;
767;
2541;
5177;
1786;
5596;
2373;
4797;
2665;
761;
120;
1039;
586;
5987;
613;
9015;
2149;
1074;
1119;
8071;
8993;
1782;
18;
3425;
2318;
548;
947;
3092;
4470;
7151;
156;
3470;
4312;
3119;
8172;
3599;
2074;
277;
1023;
155;
566;
5901;
4145;
597;
1731;
2028;
4316;
2114;
2353;
4896;
1681;
1750;
449;
533;
248;
466;
4952;
2693;
673;
1353;
381;
418;
136;
3028;
276;
1754;
926;
255;
3922;
1286;
1706;
544;
798;
375;
692;
2335;
4654;
907;
4059;
1533;
2060;
679;
1922;
4205;
410;
1;
2974;
7217;
434;
3013;
8215;
2572;
6917;
968;
3369;
911;
12;
7503;
1093;
2;
2621;
3753;
2419;
386;
6217;
201;
3064;
641;
2030;
2685;
5111;
1488;
191;
1805;
2437;
211;
1329;
2305;
3068;
1948;
2740;
461;
175;
627;
4287;
4578;
3202;
751;
193;
905;
386;
379;
131;
3063;
2808;
1164;
4629;
357;
1665;
2958;
4266;
1267;
4312;
3151;
560;
814;
247;
7217;
4065;
2616;
2957;
2972;
641;
4301;
2655;
683;
430;
3105;
2537;
2958;
2268;
326;
4911;
4137;
512;
678;
2996;
3013;
1369;
1394;
1575;
2243;
0;
2961;
1556;
6328;
2581;
162;
7;
374;
5250;
23;
4464;
1690;
1161;
69;
1084;
297;
723;
5807;
5091;
5638;
2256;
1341;
1942;
2381;
1136;
810;
3949;
4989;
957;
21;
3582;
5470;
1251;
3280;
363;
669;
1432;
5928;
374;
1726;
3558;
7547;
3524;
995;
5411;
347;
7235;
3488;
1315;
1550;
495;
3246;
11;
4379;
7222;
8127;
3235;
618;
3278;
86;
3973;
604;
456;
6738;
1398;
2853;
7623;
5330;
7676;
212;
1742;
2801;
439;
945;
654;
2682;
4583;
1129;
1206;
1178;
2599;
817;
210;
1717;
2856;
1718;
108;
1405;
676;
331;
79;
809;
5352;
1900;
120;
1125;
2498;
1357;
56;
696;
523;
1583;
4014;
3368;
2378;
60;
1150;
576;
8;
381;
112;
537;
40;
918;
2266;
7225;
1825;
2394;
7112;
472;
442;
4825;
1257;
3022;
3597;
503;
201;
998;
467;
4365;
260;
3854;
1271;
411;
3021;
759;
496;
6452;
2360;
346;
1576;
7358;
200;
6432;
347;
1204;
378;
374;
7072;
6050;
5470;
5188;
992;
3493;
5100;
1700;
451;
4644;
248;
542;
666;
1585;
331;
845;
312;
4896;
2442;
6766;
3868;
6241;
4943;
3754;
995;
879;
458;
2227;
2834;
1362;
846;
160;
5773;
810;
363;
1311;
151;
637;
163;
1282;
6219;
3072;
2488;
2391;
3896;
3592;
509;
1392;
6321;
639;
4067;
634;
4094;
328;
6493;
6967;
410;
7235;
3646;
469;
2374;
366;
39;
1644;
2585;
2537;
2783;
5855;
593;
27;
1968;
3346;
49;
543;
2539;
729;
8355;
746;
816;
240;
993;
3389;
7095;
480;
292;
6904;
591;
4530;
593;
836;
1049;
676;
6274;
281;
4259;
1357;
4143;
1992;
2369;
2440;
354;
743;
1216;
2413;
8735;
4166;
1420;
1315;
2910;
774;
5217;
1190;
0;
186;
1223;
2915;
761;
1024;
1617;
794;
1993;
287;
1908;
2982;
142;
4536;
3158;
3235;
92;
6818;
2591;
1738;
574;
418;
137;
211;
1855;
854;
6256;
6296;
2104;
1117;
3875;
1116;
1178;
5816;
4870;
4732;
6469;
2393;
874;
1216;
2673;
6321;
1928;
6881;
681;
341;
282;
1260;
1590;
1985;
2912;
221;
5935;
1998;
1029;
3296;
1266;
1357;
4520;
1574;
399;
4494;
1428;
7013;
3958;
1313;
5733;
4611;
1072;
6272;
6452;
3970;
376;
408;
15;
3718;
7361;
144;
1836;
3536;
4312;
250;
2324;
626;
3536;
79;
1704;
49;
1399;
6545;
662;
6825;
2571;
7881;
7631;
2010;
1992;
120;
4972;
853;
7170;
1254;
1520;
5021;
1593;
299;
3783;
256;
509;
776;
235;
223;
4263;
1328;
3595;
937;
533;
1489;
2787;
8383;
1173;
3172;
2207;
2300;
1150;
1569;
1741;
244;
1609;
1312;
5275;
7361;
8993;
596;
5280;
4035;
477;
5189;
612;
3168;
5343;
959;
2319;
4435;
78;
4944;
4724;
2198;
5928;
3740;
245;
5328;
3354;
1318;
2015;
1602;
1535;
6759;
3731;
632;
1134;
134;
5845;
2769;
68;
1483;
2456;
760;
2651;
611;
490;
367;
4082;
1;
100;
277;
2566;
60;
348;
5561;
2900;
3026;
35;
200;
4714;
243;
9;
2112;
1981;
3585;
3959;
5877;
1421;
745;
8050;
6481;
283;
674;
3114;
776;
8172;
10;
376;
6047;
289;
2323;
2151;
2281;
911;
2058;
1781;
4363;
7892;
2357;
3270;
326;
7709;
1200;
9371;
220;
54;
204;
939;
4880;
341;
2502;
3077;
4584;
3834;
4067;
1291;
4725;
1731;
8552;
6295;
431;
593;
7613;
1947;
5063;
846;
498;
170;
326;
1830;
582;
809;
4033;
5147;
138;
742;
1516;
4535;
1873;
2320;
7157;
2819;
3054;
2002;
869;
9;
3156;
1950;
7237;
1597;
8305;
3383;
1774;
1362;
3991;
1634;
874;
197;
3151;
7367;
3471;
3143;
5694;
164;
1981;
277;
2988;
3168;
5935;
4495;
5318;
1015;
468;
2122;
2169;
5170;
3323;
4903;
812;
767;
46;
2749;
6389;
51;
3452;
8203;
387;
126;
3781;
706;
3299;
1980;
1077;
2628;
2404;
3058;
1651;
574;
145;
8010;
413;
8477;
52;
350;
2930;
4289;
6061;
6090;
3479;
3484;
2680;
6969;
7418;
255;
2301;
3320;
785;
603;
3596;
4099;
932;
1583;
1396;
2857;
1365;
30;
2546;
1074;
905;
5459;
6596;
1598;
6261;
71;
7222;
1975;
918;
4605;
3234;
1900;
2286;
6830;
234;
2410;
2141;
332;
4591;
1722;
2782;
111;
74;
10;
3085;
1522;
2541;
5485;
4873;
2802;
2079;
1003;
2286;
1382;
1500;
3625;
4790;
605;
6368;
256;
1460;
249;
352;
377;
2227;
2539;
5785;
2238;
8047;
431;
4426;
4931;
2450;
6813;
497;
3028;
44;
411;
805;
3891;
5965;
1948;
97;
120;
1572;
331;
3;
3853;
3346;
1288;
614;
1164;
9707;
4345;
1687;
1034;
134;
3420;
449;
1996;
6274;
1486;
1425;
497;
1282;
3532;
959;
3891;
1506;
41;
6518;
4508;
2685;
3761;
4308;
4087;
285;
172;
555;
19;
237;
1262;
4541;
3096;
3198;
2580;
2404;
1888;
7060;
6837;
3108;
11;
390;
1950;
1138;
3058;
3792;
7131;
218;
1330;
1549;
187;
7380;
1554;
46;
429;
510;
2740;
4884;
2812;
8360;
837;
2360;
1516;
222;
840;
2360;
930;
1303;
995;
1133;
4747;
2148;
272;
2509;
986;
1047;
4238;
285;
1;
5377;
3089;
4594;
203;
240;
6797;
792;
1604;
4455;
210;
3368;
377;
304;
78;
2593;
961;
1113;
1226;
1361;
8472;
809;
3838;
202;
1116;
883;
1491;
671;
1797;
462;
7635;
832;
221;
6835;
578;
471;
1231;
3197;
1311;
502;
2255;
1101;
2145;
489;
1356;
2444;
376;
2114;
4921;
3867;
2286;
1726;
8941;
858;
1524;
908;
4163;
6260;
1312;
6796;
1463;
3867;
2114;
678;
60;
377;
8434;
7712;
2400;
5367;
2163;
6582;
194;
2531;
3168;
6540;
3607;
239;
1998;
808;
103;
3920;
502;
4878;
2471;
804;
353;
1393;
112;
1852;
3215;
7986;
3948;
4842;
497;
1302;
797;
3787;
3305;
6141;
8563;
491;
2399;
394;
2486;
6694;
1162;
6;
2238;
55;
706;
2383;
2502;
935;
743;
2281;
1589;
3992;
4350;
3827;
6965;
15;
7542;
3596;
6855;
1252;
370;
804;
6306;
7337;
5270;
1993;
459;
4751;
4274;
1468;
1223;
884;
2472;
2234;
4375;
296;
1329;
1313;
10;
3992;
1374;
2804;
3792;
4090;
6241;
1116;
419;
2505;
2743;
4768;
2314;
3830;
1112;
892;
3517;
6112;
339;
1317;
1879;
2762;
69;
7428;
13;
4880;
4591;
838;
1168;
9320;
7480;
3569;
87;
892;
1818;
2194;
4304;
2013;
2409;
837;
879;
372;
1481;
6295;
3116;
4829;
2387;
2237;
2048;
5979;
6065;
6349;
464;
228;
5660;
820;
1291;
4661;
8063;
142;
278;
523;
5955;
2762;
574;
8100;
5063;
2264;
3134;
34;
923;
63;
2923;
3629;
256;
785;
1966;
71;
3904;
2743;
3257;
3152;
4605;
4639;
1347;
2861;
1162;
6329;
1470;
1327;
6864;
935;
7151;
592;
1830;
838;
13;
2782;
7664;
1032;
1301;
2536;
5003;
3318;
3443;
719;
3827;
6078;
3268;
5916;
3983;
7454;
30;
4162;
1364;
3016;
3909;
3654;
1394;
1252;
7358;
333;
370;
1711;
8492;
1657;
2168;
4476;
1469;
1206;
221;
4671;
319;
3391;
2326;
79;
2257;
3053;
5565;
4026;
6047;
2760;
8140;
922;
1801;
214;
205;
1430;
852;
1651;
1003;
944;
180;
1996;
1634;
73;
3864;
1160;
2326;
4411;
447;
1464;
2509;
8559;
7170;
6247;
657;
1116;
1499;
784;
2731;
795;
5276;
24;
120;
503;
1632;
86;
1459;
3915;
431;
159;
1656;
1220;
1071;
307;
1830;
2532;
2781;
6261;
163;
1054;
403;
670;
1839;
1289;
3245;
504;
2;
2688;
2035;
1512;
726;
5146;
501;
7885;
205;
0;
1498;
1043;
1513;
45;
784;
824;
3062;
4332;
8153;
1039;
5962;
64;
226;
108;
566;
10;
1357;
3303;
1756;
4466;
393;
985;
277;
10;
4139;
3542;
5152;
6594;
6356;
5385;
2728;
5417;
850;
125;
6953;
1398;
854;
4470;
8182;
415;
1840;
859;
5632;
2337;
3179;
774;
3213;
3123;
4829;
7228;
1408;
12;
2233;
3413;
8477;
576;
1706;
4995;
1847;
4713;
393;
7798;
6;
1645;
7073;
4567;
5189;
2632;
4535;
334;
5279;
989;
49;
1256;
369;
75;
1547;
1548;
1277;
257;
5082;
3981;
1133;
1799;
2814;
1716;
720;
1179;
3270;
7131;
2142;
6913;
9526;
3948;
1094;
1507;
244;
4979;
3163;
2926;
2571;
1174;
2214;
310;
6112;
4100;
278;
111;
4331;
880;
4143;
97;
2308;
2680;
1362;
1439;
128;
3106;
21;
1123;
3923;
677;
3530;
2;
3724;
736;
1690;
1858;
5345;
6069;
1245;
2317;
3293;
2651;
8140;
2129;
6261;
4877;
3230;
491;
7888;
443;
966;
8420;
6684;
1336;
1131;
2223;
4222;
72;
1928;
5763;
338;
94;
2961;
3348;
280;
8255;
1876;
4376;
3210;
2121;
2535;
766;
3918;
3608;
82;
3270;
1226;
6934;
2467;
3926;
1157;
267;
158;
1008;
2974;
1978;
5799;
820;
0;
897;
423;
4978;
1700;
1866;
12;
34;
7312;
2629;
16;
2680;
2576;
654;
4375;
749;
3065;
4300;
659;
5541;
1826;
1313;
1499;
401;
4618;
643;
1731;
787;
525;
3662;
547;
940;
247;
1978;
789;
3582;
2336;
8698;
6839;
2109;
363;
967;
453;
404;
3770;
1093;
1647;
1141;
304;
189;
449;
3830;
8433;
166;
8479;
1161;
651;
578;
3699;
1643;
1067;
1726;
5549;
1806;
870;
56;
4218;
6193;
6996;
911;
3374;
6621;
1097;
4666;
2421;
8572;
3212;
31;
817;
1040;
1011;
1488;
58;
568;
5276;
5082;
69;
2264;
6838;
1682;
5452;
220;
6082;
937;
1582;
23;
5621;
251;
372;
1503;
1550;
1187;
1412;
512;
1396;
780;
1229;
1644;
1965;
90;
359;
3603;
8113;
408;
2740;
1936;
2787;
196;
277;
6685;
449;
326;
1965;
1786;
2516;
1598;
7352;
1318;
1590;
3053;
900;
280;
2572;
279;
1331;
123;
3800;
188;
1537;
3157;
2923;
194;
108;
4207;
1983;
2328;
275;
4539;
36;
2087;
2676;
2408;
4124;
4539;
7522;
1280;
6520;
1396;
1424;
845;
2126;
2;
338;
1226;
4473;
9;
1785;
654;
1095;
2927;
359;
92;
4584;
1278;
6429;
30;
4193;
1671;
3054;
1856;
5903;
1873;
2239;
133;
3343;
2410;
227;
5670;
2168;
4207;
2;
3684;
5270;
3105;
2544;
69;
5901;
200;
2934;
2062;
1945;
843;
7122;
34;
894;
2629;
2523;
2981;
2228;
5596;
43;
12;
1368;
128;
1598;
5757;
154;
1314;
926;
5195;
2945;
3931;
2079;
1967;
1690;
678;
240;
599;
768;
3418;
599;
3056;
5671;
772;
4621;
549;
500;
4768;
4170;
1235;
153;
100;
7371;
1804;
4113;
5513;
4183;
4707;
6351;
1717;
93;
8255;
1021;
906;
3596;
4301;
4471;
144;
26;
2301;
372;
230;
52;
365;
3908;
2279;
2194;
741;
2816;
878;
113;
56;
2831;
1492;
3123;
8229;
677;
188;
2655;
555;
2853;
91;
8408;
1006;
1900;
440;
591;
1466;
6083;
664;
1153;
7243;
3949;
8016;
316;
1499;
858;
3569;
4902;
1085;
15;
7375;
4569;
1090;
500;
1023;
468;
7409;
943;
1552;
1743;
295;
2666;
46;
1071;
746;
283;
3412;
2063;
7421;
4833;
182;
6030;
3080;
3428;
1122;
481;
2073;
6124;
4861;
131;
2861;
547;
3538;
2242;
532;
399;
8286;
3616;
2836;
7370;
3702;
3080;
154;
101;
1800;
410;
260;
928;
255;
3246;
363;
679;
2503;
3392;
2163;
2385;
243;
6407;
1675;
6950;
4315;
1253;
593;
2870;
1897;
2209;
1984;
436;
221;
6684;
500;
207;
2033;
5307;
5129;
7251;
2714;
3627;
9063;
2266;
4502;
2293;
130;
212;
2527;
7657;
2958;
431;
3226;
480;
858;
8431;
8052;
4685;
1988;
1116;
733;
477;
2340;
4335;
1530;
2769;
4969;
949;
5270;
6365;
78;
3303;
2896;
1317;
2900;
1478;
3836;
2584;
5428;
2271;
596;
2300;
3324;
4618;
897;
845;
1034;
858;
684;
2870;
138;
502;
1163;
2213;
3529;
307;
296;
797;
1549;
7157;
20;
2372;
741;
1228;
4644;
6442;
3703;
3430;
5272;
6068;
1597;
756;
2435;
6803;
524;
140;
5853;
2536;
1980;
11;
2474;
4032;
6746;
626;
2871;
3170;
6986;
3929;
9170;
4183;
2846;
300;
2087;
326;
5690;
680;
5673;
1750;
1716;
702;
231;
6312;
1552;
734;
2938;
38;
5494;
2288;
9153;
3303;
208;
418;
260;
1424;
6112;
6025;
3909;
2932;
3951;
45;
5867;
1934;
1859;
1099;
3388;
277;
275;
1968;
6599;
2595;
3304;
979;
119;
2782;
310;
512;
3725;
148;
976;
7823;
935;
4833;
4218;
3886;
2862;
1858;
292;
2156;
2643;
1132;
4812;
4991;
7582;
1106;
96;
3113;
1983;
1713;
3513;
3324;
2991;
3907;
510;
643;
447;
2387;
173;
213;
747;
4304;
1839;
3373;
3522;
2531;
599;
1590;
2058;
4246;
4995;
1631;
3379;
1213;
207;
449;
430;
7986;
5154;
3864;
3838;
6078;
1789;
4803;
864;
5578;
3315;
596;
687;
3620;
2097;
6515;
7833;
1852;
7000;
4829;
50;
283;
7522;
104;
1932;
2250;
235;
6855;
201;
3859;
1350;
5542;
502;
3057;
3286;
908;
2542;
332;
3299;
4062;
1289;
1383;
2801;
443;
4539;
1975;
1518;
3675;
3072;
2929;
3904;
2188;
5660;
1523;
815;
2572;
2166;
3383;
4307;
8964;
897;
574;
374;
1012;
932;
292;
2174;
1565;
3173;
2094;
4516;
1134;
449;
685;
15;
5014;
47;
577;
1694;
1772;
5;
2135;
1681;
5452;
4345;
1902;
2350;
5895;
1963;
429;
954;
2;
2719;
746;
59;
1879;
810;
4629;
898;
6105;
7623;
1;
19;
2537;
1051;
8041;
766;
301;
979;
2174;
566;
2504;
2403;
2323;
108;
164;
1645;
3365;
772;
820;
1386;
2845;
12;
153;
4053;
2037;
7235;
1979;
2576;
516;
3348;
2840;
76;
2614;
1074;
449;
126;
766;
2356;
3192;
1443;
897;
1802;
3479;
5658;
477;
31;
1899;
4365;
1096;
3357;
7546;
212;
1633;
2456;
677;
6168;
992;
3466;
3335;
7019;
4541;
3245;
410;
3056;
2976;
497;
1939;
8717;
6931;
6328;
2114;
2427;
1463;
4516;
2159;
8408;
6365;
1993;
2673;
456;
245;
4025;
4539;
480;
6917;
3547;
837;
36;
1686;
363;
498;
90;
26;
221;
4396;
6429;
561;
6429;
1083;
7203;
1780;
5211;
1840;
2858;
6619;
797;
1455;
2135;
7433;
1716;
1034;
1046;
6619;
1545;
5401;
1653;
1935;
73;
121;
2770;
3508;
2799;
8506;
7438;
3959;
658;
3192;
1138;
304;
2706;
1520;
4287;
4300;
5673;
4437;
7572;
739;
1417;
3830;
4120;
519;
477;
7060;
2631;
1833;
3129;
1645;
1039;
111;
1941;
2440;
1678;
1781;
3014;
4277;
5991;
39;
6826;
5202;
1609;
2394;
970;
382;
8375;
967;
906;
3306;
8121;
31;
3981;
7719;
930;
1523;
5127;
2553;
575;
808;
2917;
4179;
1002;
2306;
795;
2571;
1481;
4502;
3157;
2125;
1106;
689;
188;
1056;
1869;
489;
6093;
550;
529;
729;
896;
480;
902;
2168;
3202;
7544;
170;
814;
5742;
710;
849;
3262;
3566;
3475;
6826;
3263;
3058;
2887;
2900;
2387;
2233;
1074;
250;
2675;
428;
1713;
769;
1961;
4019;
3911;
3476;
212;
2890;
611;
3370;
2134;
3840;
760;
309;
3477;
1779;
3360;
1106;
3528;
4494;
2257;
970;
1412;
4163;
767;
66;
4360;
817;
408;
1220;
163;
6;
864;
172;
2485;
3066;
1522;
7557;
1219;
6037;
2352;
2487;
4128;
1624;
4451;
233;
953;
2586;
335;
850;
181;
918;
4055;
2620;
4651;
2913;
583;
364;
2621;
1623;
4535;
363;
845;
583;
2246;
1898;
4426;
3599;
234;
3390;
1126;
5845;
4223;
696;
15;
3016;
110;
347;
2023;
684;
1995;
153;
129;
491;
1575;
6437;
1995;
4029;
143;
401;
1319;
7201;
1233;
6481;
1826;
743;
2517;
809;
1226;
100;
8139;
476;
6916;
4296;
4048;
1545;
2025;
920;
2010;
430;
4645;
1331;
3051;
2271;
195;
1938;
1082;
568;
2657;
2651;
6463;
440;
1870;
863;
341;
1625;
5037;
2228;
3500;
4795;
7501;
1401;
1643;
1615;
9261;
3296;
2168;
2261;
8600;
712;
1558;
4122;
3330;
1680;
6063;
17;
3080;
129;
5205;
1681;
2237;
1749;
6848;
1375;
5211;
3918;
2083;
9597;
1737;
1840;
207;
198;
3321;
290;
6020;
8702;
4991;
956;
1122;
603;
6382;
2410;
2495;
79;
287;
2915;
1996;
2408;
1424;
2850;
3909;
2890;
1471;
354;
186;
6599;
5216;
5531;
680;
763;
5781;
7399;
4884;
1678;
640;
882;
4106;
2397;
5821;
1545;
2781;
596;
2697;
1464;
130;
1853;
123;
710;
4995;
242;
6745;
1552;
2431;
1130;
1002;
107;
90;
1605;
353;
2235;
455;
1516;
1509;
411;
2779;
437;
679;
1348;
3300;
39;
1401;
645;
1119;
193;
98;
149;
8955;
4059;
55;
5632;
56;
1831;
651;
831;
8238;
2563;
3257;
710;
2318;
1460;
6463;
1280;
828;
7340;
632;
1131;
7095;
828;
2318;
590;
9;
793;
923;
935;
8053;
338;
2530;
2819;
720;
841;
798;
1756;
286;
3112;
3437;
1103;
5134;
2410;
3836;
270;
711;
696;
4028;
2950;
1091;
1747;
4126;
721;
1722;
1206;
766;
165;
196;
5877;
2547;
991;
670;
1155;
5762;
3170;
40;
2008;
5411;
7885;
5339;
630;
2320;
856;
3304;
613;
454;
1945;
648;
1112;
3179;
4772;
1907;
768;
2377;
387;
321;
1053;
4191;
7;
2783;
374;
5168;
1755;
4713;
4658;
886;
3348;
402;
1898;
754;
3493;
3054;
61;
8225;
2224;
465;
161;
1450;
4159;
1234;
3299;
104;
316;
1800;
4642;
3032;
1085;
1941;
7799;
3515;
877;
4299;
7337;
1900;
2408;
1331;
163;
343;
300;
1271;
743;
2431;
5520;
887;
2357;
663;
7654;
7617;
5334;
438;
679;
2982;
301;
5463;
2117;
5979;
1277;
3283;
1657;
985;
575;
993;
4719;
780;
2023;
6470;
759;
908;
1689;
213;
3981;
424;
1590;
1331;
1516;
3573;
115;
673;
415;
1245;
6315;
423;
4850;
252;
1356;
1408;
447;
2733;
5352;
794;
1707;
985;
1836;
55;
1102;
854;
149;
565;
90;
3;
7011;
2393;
1594;
1958;
3527;
1074;
5199;
4100;
5627;
2416;
1121;
3484;
120;
3251;
1287;
714;
772;
4145;
5908;
3931;
1103;
902;
2656;
868;
273;
4074;
3121;
211;
4799;
4833;
4451;
1499;
788;
577;
5154;
80;
708;
2735;
844;
3283;
2984;
248;
6413;
4996;
736;
472;
383;
4117;
589;
1584;
939;
3489;
2194;
2385;
131;
2609;
5142;
2983;
6328;
248;
1821;
2753;
1584;
4395;
2180;
912;
4170;
1008;
4615;
2403;
4253;
816;
1556;
3647;
1134;
2616;
1764;
952;
583;
5693;
1942;
220;
3096;
291;
1123;
1067;
2322;
1130;
2535;
193;
1189;
470;
2202;
95;
857;
8393;
3368;
98;
5322;
2451;
3931;
5643;
3585;
4207;
2999;
1085;
682;
304;
4304;
1821;
3592;
2375;
123;
8077;
4975;
2431;
231;
423;
1643;
6056;
864;
50;
443;
1610;
6285;
1061;
1716;
818;
360;
7489;
1602;
729;
295;
4143;
2028;
4379;
5358;
5275;
538;
917;
54;
2114;
4099;
3921;
7984;
296;
1454;
116;
1407;
5123;
275;
198;
5761;
3830;
2281;
402;
6022;
3477;
5276;
3864;
7615;
275;
2333;
5113;
296;
202;
6228;
2406;
4931;
1073;
1812;
857;
5152;
839;
1831;
3877;
90;
1229;
1021;
5961;
3935;
1754;
196;
212;
8286;
2861;
274;
2250;
1291;
50;
3647;
3394;
2614;
2442;
6855;
2927;
5524;
5111;
56;
1815;
3465;
1017;
4654;
24;
4843;
3649;
235;
89;
193;
1767;
1344;
7;
3587;
3771;
38;
2914;
12;
326;
2431;
1887;
1235;
3934;
6957;
2820;
4766;
2563;
2492;
164;
3911;
2192;
8355;
1583;
683;
4952;
2288;
6365;
1460;
3743;
1185;
494;
5102;
1980;
3468;
2936;
2396;
3861;
488;
1256;
6868;
1582;
3957;
1049;
38;
6241;
3988;
65;
527;
3210;
666;
2140;
950;
1190;
1736;
1944;
5246;
5400;
5513;
1290;
1303;
897;
7422;
1520;
1254;
5446;
741;
4404;
5757;
605;
2654;
2413;
6259;
1867;
8465;
1556;
6099;
8842;
3803;
214;
1026;
759;
2999;
1431;
2983;
777;
1512;
2474;
1865;
211;
741;
1334;
567;
1096;
7013;
1544;
64;
2381;
302;
1636;
1282;
6412;
3758;
3729;
3379;
326;
2505;
2918;
2038;
984;
1970;
2513;
6596;
1701;
1334;
2472;
52;
3264;
7216;
7858;
5916;
375;
456;
5457;
2427;
3699;
1417;
2337;
6368;
1965;
1097;
4536;
2611;
293;
671;
6814;
2304;
5014;
227;
6761;
3098;
1602;
1789;
49;
1739;
212;
2281;
1965;
3354;
776;
2502;
1585;
207;
3896;
7489;
5943;
5895;
333;
932;
1860;
893;
3941;
10;
321;
4486;
2326;
3182;
2556;
158;
1220;
114;
1499;
3892;
607;
2771;
4567;
7958;
6018;
2727;
4;
862;
581;
690;
2173;
347;
4066;
2784;
454;
1987;
658;
1654;
1048;
2383;
1515;
1281;
3320;
5130;
2781;
1170;
4040;
536;
1991;
1567;
4629;
688;
3360;
514;
1343;
6035;
2895;
3360;
3661;
3420;
1440;
1782;
1589;
2473;
31;
7240;
621;
1056;
2693;
192;
2105;
2914;
3802;
2584;
3918;
5816;
6057;
351;
5810;
2297;
849;
235;
4625;
547;
489;
364;
429;
7157;
2046;
2843;
2279;
2732;
702;
134;
726;
4597;
3943;
1464;
766;
544;
4055;
626;
1767;
4065;
488;
5330;
2297;
741;
835;
1281;
582;
2850;
100;
5671;
76;
3924;
4109;
7157;
2911;
6520;
7620;
775;
2381;
953;
42;
4330;
1331;
1251;
2751;
73;
2887;
6881;
4242;
163;
2043;
559;
3536;
134;
1474;
5412;
4596;
1857;
780;
221;
921;
5215;
1617;
8837;
956;
7110;
1482;
1796;
2398;
7572;
1033;
3625;
632;
4877;
2168;
2123;
5638;
802;
1727;
5017;
4211;
2616;
6591;
4359;
2640;
5082;
3811;
154;
2689;
1092;
5073;
4516;
696;
789;
4401;
7568;
1645;
6;
882;
490;
4661;
1344;
2904;
4567;
6589;
1454;
2948;
681;
863;
1764;
4321;
1216;
714;
291;
2527;
1286;
720;
2805;
5556;
8610;
3795;
2271;
437;
7998;
1891;
812;
863;
39;
4963;
2111;
2056;
9424;
6087;
1155;
3062;
7;
1034;
929;
5966;
85;
858;
1179;
706;
2794;
39;
3661;
1039;
2741;
977;
512;
90;
967;
2513;
3992;
4371;
1041;
3146;
447;
862;
108;
286;
2840;
1126;
2994;
1965;
2655;
149;
1520;
4308;
2585;
809;
4174;
1161;
2139;
6;
43;
2853;
5390;
3662;
7384;
739;
1114;
2198;
1841;
1090;
1032;
5845;
394;
1030;
3089;
499;
1680;
1707;
4266;
7853;
969;
1862;
761;
3300;
3303;
78;
946;
98;
751;
5205;
765;
529;
2060;
6965;
6991;
2465;
1921;
4066;
4006;
1594;
3412;
2825;
586;
3700;
1430;
144;
4783;
1295;
2102;
4540;
276;
2429;
2517;
3522;
2610;
3046;
1320;
1263;
1121;
809;
133;
1315;
2015;
2991;
3077;
1327;
1637;
2927;
44;
519;
4560;
3868;
5470;
2942;
5236;
597;
547;
1741;
547;
1632;
992;
1481;
2178;
3324;
1821;
6182;
316;
655;
809;
6692;
1262;
7109;
1161;
14;
188;
1899;
7081;
104;
3724;
9348;
33;
167;
6594;
366;
5339;
1281;
34;
712;
123;
2281;
706;
3168;
3997;
321;
2281;
809;
358;
815;
1048;
4795;
5302;
4633;
5825;
3357;
730;
4654;
546;
128;
69;
1762;
5855;
140;
4285;
2569;
2388;
3454;
124;
1556;
1739;
929;
9687;
2209;
2573;
1865;
142;
5526;
4162;
6596;
4490;
41;
1681;
5459;
226;
4508;
8717;
6212;
5887;
114;
47;
4861;
3293;
5684;
761;
5367;
850;
1435;
8803;
1104;
1552;
640;
123;
2059;
2995;
2271;
1260;
1474;
98;
230;
2860;
658;
1827;
280;
1189;
746;
786;
5466;
123;
1301;
1493;
719;
2590;
2846;
69;
7987;
912;
5898;
7131;
834;
3493;
2479;
911;
1958;
1440;
1094;
2494;
1260;
1524;
1706;
207;
2640;
5367;
5974;
646;
31;
6806;
92;
4569;
2457;
9698;
889;
5052;
2513;
1180;
5916;
1404;
780;
42;
69;
527;
561;
1934;
1300;
204;
5277;
690;
712;
2982;
25;
120;
4221;
2806;
375;
215;
3246;
6412;
7967;
1636;
2127;
565;
1;
6099;
1327;
1463;
471;
4969;
2401;
3088;
2438;
207;
480;
7758;
6061;
559;
280;
2834;
4950;
2515;
3563;
2701;
464;
32;
124;
687;
367;
7013;
3426;
63;
131;
1598;
16;
1307;
4659;
2018;
165;
240;
2318;
470;
4686;
1901;
2386;
4365;
1072;
109;
6692;
2433;
4318;
861;
2374;
8472;
2040;
1936;
3670;
239;
2441;
245;
164;
2204;
1226;
4661;
749;
368;
4880;
2048;
3991;
2943;
3854;
565;
90;
1399;
1168;
4548;
259;
385;
735;
3784;
299;
1173;
3298;
3150;
8720;
495;
1813;
4620;
1421;
598;
1536;
4950;
4541;
754;
2916;
158;
323;
488;
780;
385;
1268;
7225;
2234;
1471;
2384;
5714;
8110;
107;
3053;
4081;
162;
4502;
5814;
677;
570;
1188;
1674;
1114;
5713;
518;
115;
3291;
2576;
1276;
7428;
785;
4371;
908;
310;
7927;
3816;
524;
248;
3735;
7409;
3977;
3068;
6485;
2349;
7965;
1654;
2897;
3065;
3810;
2257;
2717;
63;
6409;
677;
5463;
354;
1281;
477;
696;
5586;
3514;
935;
6905;
1488;
2654;
1580;
6407;
1891;
3470;
1496;
4003;
4301;
1158;
7986;
59;
1572;
3767;
3155;
201;
1004;
5062;
6666;
968;
599;
1410;
5908;
948;
82;
7843;
815;
2136;
1414;
994;
414;
1935;
383;
291;
2013;
3394;
196;
1603;
6245;
54;
5659;
1371;
281;
11;
675;
46;
1762;
1206;
1022;
1223;
4969;
1600;
500;
6472;
817;
682;
5965;
2733;
4610;
47;
3853;
7123;
2039;
2650;
1322;
314;
7713;
3851;
4969;
604;
2992;
1045;
330;
1498;
3596;
5523;
130;
4330;
579;
1136;
5127;
512;
4952;
2169;
93;
728;
2430;
296;
3372;
3673;
1902;
2845;
5676;
1866;
1164;
438;
729;
4306;
3883;
2032;
418;
432;
2158;
33;
5862;
6270;
935;
887;
2435;
3597;
6529;
1155;
1641;
3908;
1627;
1048;
2629;
1088;
5513;
2424;
7480;
458;
896;
2465;
398;
1826;
278;
1375;
462;
2122;
215;
4952;
5556;
1395;
3300;
1530;
1155;
3362;
4042;
194;
2228;
3525;
1879;
5429;
5724;
7998;
992;
2516;
2345;
3418;
7399;
1220;
3670;
624;
3015;
3976;
578;
308;
527;
7073;
2457;
2465;
3718;
2878;
6090;
1456;
626;
2200;
1142;
604;
1123;
666;
1145;
687;
6558;
1717;
2027;
8226;
1888;
181;
1517;
6954;
5163;
952;
168;
3907;
3827;
2127;
3189;
5486;
1958;
6652;
912;
678;
307;
455;
2284;
3477;
119;
1032;
3827;
2688;
6985;
1579;
3150;
168;
23;
1665;
3390;
769;
1888;
1624;
7700;
2651;
961;
1046;
9058;
2145;
930;
1006;
5551;
1697;
5646;
1768;
7552;
7615;
163;
6030;
1329;
1460;
35;
3747;
1594;
2455;
5249;
2508;
5393;
1815;
1337;
1054;
4573;
5982;
5640;
5343;
2842;
3302;
1175;
7910;
1442;
82;
2563;
551;
304;
290;
2483;
650;
279;
1770;
2431;
3926;
1033;
2471;
1965;
1965;
2320;
1785;
735;
1083;
1063;
5486;
2122;
4693;
5100;
1303;
92;
4808;
5943;
3357;
3056;
127;
2250;
1199;
2058;
125;
1643;
1671;
60;
5711;
5311;
869;
7719;
1096;
1344;
1697;
412;
921;
4858;
3735;
45;
496;
614;
323;
2857;
2347;
6817;
92;
2366;
3707;
346;
1521;
5126;
6837;
4778;
4478;
741;
2209;
401;
295;
815;
4693;
640;
7542;
4035;
90;
91;
2314;
307;
2472;
112;
5429;
1082;
5318;
3137;
1933;
4308;
2491;
4370;
4549;
712;
1852;
2857;
4502;
4261;
2035;
8610;
156;
4797;
349;
518;
669;
1387;
1468;
267;
3343;
5420;
1853;
1415;
1215;
2672;
939;
1107;
285;
824;
171;
2716;
8763;
534;
5129;
2149;
3627;
2037;
2456;
2228;
4457;
547;
2517;
4995;
5376;
6767;
674;
829;
6766;
6261;
7173;
3192;
343;
5428;
503;
609;
4690;
758;
308;
856;
1114;
2948;
2479;
2846;
1441;
2744;
840;
3155;
3647;
1311;
314;
921;
1755;
505;
176;
4618;
510;
3560;
5647;
4723;
1018;
41;
985;
1858;
5711;
1043;
241;
455;
1314;
8279;
5018;
5277;
1482;
1599;
6409;
2596;
5814;
3659;
5550;
151;
8609;
2984;
2965;
5634;
7552;
8305;
577;
41;
3107;
3803;
2092;
3913;
5030;
7885;
2781;
5543;
247;
297;
925;
2059;
449;
2;
621;
363;
1608;
58;
671;
205;
5845;
3112;
1575;
1282;
3317;
6202;
1718;
34;
27;
3717;
3365;
2071;
826;
3749;
4654;
1782;
6;
2049;
4435;
2013;
7546;
2582;
939;
960;
815;
7546;
6826;
1718;
6572;
3599;
711;
1274;
2761;
478;
627;
3477;
4476;
3299;
594;
2316;
3215;
1497;
280;
1745;
2127;
4821;
1047;
8609;
33;
3958;
607;
3880;
5135;
1365;
3688;
5845;
5525;
8381;
2811;
111;
4671;
2326;
7235;
2514;
5189;
2521;
1599;
2621;
6296;
316;
2547;
1173;
496;
1161;
1140;
4291;
830;
494;
3255;
210;
2728;
1998;
1179;
1861;
4567;
519;
2184;
6725;
9486;
3941;
304;
1720;
1560;
21;
1281;
6430;
6870;
4829;
1946;
1651;
1157;
345;
32;
2914;
4095;
912;
1361;
2703;
871;
1258;
1203;
374;
405;
2649;
7277;
447;
8979;
889;
951;
2336;
5114;
2410;
535;
2333;
863;
1537;
90;
4567;
1647;
6043;
2345;
125;
5023;
678;
807;
152;
1157;
605;
5296;
1105;
1907;
654;
754;
1497;
5987;
3986;
449;
261;
1200;
946;
5153;
2927;
1426;
4530;
5232;
6245;
3270;
782;
924;
413;
2136;
3147;
291;
3747;
1566;
2942;
5373;
5827;
8815;
6204;
1199;
1801;
712;
1040;
3446;
1096;
3627;
78;
1531;
7267;
4087;
987;
1354;
363;
3366;
6472;
1187;
31;
757;
601;
4606;
1121;
2906;
1266;
2570;
1550;
2527;
4151;
323;
1055;
2840;
3854;
82;
175;
596;
731;
1812;
317;
809;
455;
642;
1806;
1199;
7183;
3859;
472;
910;
467;
273;
1513;
1979;
1092;
6312;
1800;
503;
5330;
1859;
7881;
1118;
4207;
7399;
364;
1287;
601;
1782;
349;
3584;
1149;
4321;
7719;
140;
6261;
1313;
293;
1719;
3014;
8077;
558;
4471;
2918;
1426;
3168;
512;
748;
5974;
622;
3525;
909;
566;
131;
2538;
321;
1234;
2281;
3836;
1030;
153;
775;
1134;
250;
49;
3032;
18;
4471;
3274;
1786;
222;
594;
205;
3533;
746;
2673;
1103;
2356;
603;
6949;
2563;
1742;
3724;
326;
985;
3920;
5153;
1009;
2035;
1123;
626;
3344;
5296;
1882;
5307;
1572;
3776;
2111;
1291;
2154;
3069;
3117;
3046;
2546;
1371;
709;
7930;
7676;
858;
146;
4460;
912;
6507;
8010;
4969;
2820;
7011;
3785;
2639;
6957;
2872;
4616;
264;
676;
6463;
3217;
2126;
7243;
3983;
1006;
1262;
2357;
1721;
4157;
3802;
835;
4062;
1961;
510;
439;
1050;
2563;
4931;
1288;
4525;
46;
3026;
2872;
2229;
923;
2912;
903;
3668;
4139;
632;
1226;
1521;
163;
3647;
1405;
650;
405;
635;
683;
371;
2288;
4182;
1496;
284;
1432;
95;
4238;
4042;
2435;
935;
2651;
5442;
5125;
489;
974;
6237;
818;
248;
560;
3681;
1510;
488;
3816;
2554;
170;
1470;
115;
3452;
746;
1931;
1858;
720;
2200;
54;
815;
3232;
2204;
3335;
3830;
1432;
759;
664;
2010;
3884;
1717;
4411;
3192;
783;
487;
4625;
1604;
3180;
3379;
283;
5801;
842;
3008;
3069;
1074;
8226;
4392;
4825;
671;
8127;
2647;
1775;
7546;
154;
3762;
7399;
41;
3909;
483;
300;
2388;
863;
2618;
265;
494;
8806;
1510;
735;
478;
1052;
4657;
480;
6245;
2422;
5885;
4175;
7927;
766;
1078;
39;
